Workbook

Sheet Summary
A1: Strata - mod tracker summary ("Build. Fly. Explore.")
A2: Counts update from the Mods sheet. Edit Status and 1.21.1 NeoForge there (dropdowns).
A4: Pillar | B4: Keep | C4: Maybe | D4: Cut | E4: Total
A5: Core | B5: =COUNTIFS(Mods!$C:$C,$A5,Mods!$F:$F,"Keep") | C5: =COUNTIFS(Mods!$C:$C,$A5,Mods!$F:$F,"Maybe") | D5: =COUNTIFS(Mods!$C:$C,$A5,Mods!$F:$F,"Cut") | E5: =SUM(B5:D5)
A6: Tech | B6: =COUNTIFS(Mods!$C:$C,$A6,Mods!$F:$F,"Keep") | C6: =COUNTIFS(Mods!$C:$C,$A6,Mods!$F:$F,"Maybe") | D6: =COUNTIFS(Mods!$C:$C,$A6,Mods!$F:$F,"Cut") | E6: =SUM(B6:D6)
A7: Magic | B7: =COUNTIFS(Mods!$C:$C,$A7,Mods!$F:$F,"Keep") | C7: =COUNTIFS(Mods!$C:$C,$A7,Mods!$F:$F,"Maybe") | D7: =COUNTIFS(Mods!$C:$C,$A7,Mods!$F:$F,"Cut") | E7: =SUM(B7:D7)
A8: Exploration | B8: =COUNTIFS(Mods!$C:$C,$A8,Mods!$F:$F,"Keep") | C8: =COUNTIFS(Mods!$C:$C,$A8,Mods!$F:$F,"Maybe") | D8: =COUNTIFS(Mods!$C:$C,$A8,Mods!$F:$F,"Cut") | E8: =SUM(B8:D8)
A9: Pokemon world | B9: =COUNTIFS(Mods!$C:$C,$A9,Mods!$F:$F,"Keep") | C9: =COUNTIFS(Mods!$C:$C,$A9,Mods!$F:$F,"Maybe") | D9: =COUNTIFS(Mods!$C:$C,$A9,Mods!$F:$F,"Cut") | E9: =SUM(B9:D9)
A10: Life | B10: =COUNTIFS(Mods!$C:$C,$A10,Mods!$F:$F,"Keep") | C10: =COUNTIFS(Mods!$C:$C,$A10,Mods!$F:$F,"Maybe") | D10: =COUNTIFS(Mods!$C:$C,$A10,Mods!$F:$F,"Cut") | E10: =SUM(B10:D10)
A11: Visuals | B11: =COUNTIFS(Mods!$C:$C,$A11,Mods!$F:$F,"Keep") | C11: =COUNTIFS(Mods!$C:$C,$A11,Mods!$F:$F,"Maybe") | D11: =COUNTIFS(Mods!$C:$C,$A11,Mods!$F:$F,"Cut") | E11: =SUM(B11:D11)
A12: Performance | B12: =COUNTIFS(Mods!$C:$C,$A12,Mods!$F:$F,"Keep") | C12: =COUNTIFS(Mods!$C:$C,$A12,Mods!$F:$F,"Maybe") | D12: =COUNTIFS(Mods!$C:$C,$A12,Mods!$F:$F,"Cut") | E12: =SUM(B12:D12)
A13: Total | B13: =SUM(B5:B12) | C13: =SUM(C5:C12) | D13: =SUM(D5:D12) | E13: =SUM(E5:E12)
A15: 1.21.1 NeoForge (Keep + Maybe) | B15: Count
A16: Confirmed | B16: =COUNTIFS(Mods!$G:$G,$A16,Mods!$F:$F,"<>Cut")
A17: Verify | B17: =COUNTIFS(Mods!$G:$G,$A17,Mods!$F:$F,"<>Cut")
A18: Not available | B18: =COUNTIFS(Mods!$G:$G,$A18,Mods!$F:$F,"<>Cut")
A20: Legend
A21: Status: Keep = in the pack; Maybe = undecided; Cut = decided against (kept for the record).
A22: 1.21.1 NeoForge: Confirmed = a 1.21.1 NeoForge build was seen during planning (file page or a 1.21.1 NeoForge modlist); Verify = check in Claude Code via CurseForge/Modrinth; Not available = no build exists.
A23: Flags: Config / KubeJS = needs a tweak; Gate = progression-gated; Test = must be play-tested; Check flight = review against the flight rule.
A24: Side: Client = only players install it; Server = only the server; Both = everyone.
A25: 'Pick one' rows are open questions; replace with the chosen mod.
A26: Dependency libraries (Balm, Moonlight Lib, GeckoLib, etc.) are pulled in automatically by packwiz and are not all listed.

Sheet Mods
A1: Mod | B1: Category | C1: Pillar | D1: Needs / compat with | E1: Side | F1: Status | G1: 1.21.1 NeoForge | H1: Flags | I1: Notes | J1: Phase 1 lookup
A2: NeoForge (loader) | B2: Core | C2: Core | E2: Both | F2: Keep | G2: Confirmed | I2: Minecraft 1.21.1
A3: KubeJS | B3: Core | C3: Core | D3: Rhino | E3: Both | F3: Keep | G3: Confirmed | I3: Recipe changes, gating, hiding items | J3: MR kubejs 2101.7.2
A4: FTB Quests | B4: Core | C4: Core | D4: FTB Library | E4: Both | F4: Keep | G4: Confirmed | I4: Quest chapters per mod and boss + cozy chapter | J4: CF ftb-quests-forge 2101.1.37 (Modrinth hit was only a zh_cn translation)
A5: Almost Unified | B5: Core | C5: Tech | E5: Both | F5: Keep | G5: Confirmed | I5: Required: collapses duplicate ores/ingots | J5: MR almostunified 1.4.2
A6: Curios API | B6: Core | C6: Core | E6: Both | F6: Keep | G6: Confirmed | I6: Standard accessory slot system | J6: MR curios 9.5.1
A7: Accessories + Accessories Compatibility Layer | B7: Core | C7: Core | E7: Both | F7: Maybe | G7: Confirmed | I7: Only if a mod needs Accessories instead of Curios | J7: MR accessories 1.1.0-beta.54 + accessories-compat-layer 0.1.13 (not added: Maybe)
A8: Polymorph | B8: QoL | C8: Core | E8: Both | F8: Keep | G8: Confirmed | I8: Pick result when recipes conflict | J8: MR polymorph 1.2.0 (beta). Not Polymorph+ (different mod)
A9: Create | B9: Create | C9: Tech | E9: Both | F9: Keep | G9: Confirmed | I9: Must-have | J9: MR create 6.0.10
A10: Create Aeronautics | B10: Create: flight | C10: Tech | D10: Create, Sable | E10: Both | F10: Keep | G10: Confirmed | I10: Must-have; forces 1.21.1 NeoForge | J10: MR create-aeronautics 1.3.2. Known: visual issues with Iris shaders
A11: Sable | B11: Create: flight | C11: Tech | E11: Both | F11: Keep | G11: Confirmed | I11: Required by Aeronautics | J11: MR sable 2.0.6
A12: Create Aeronautics: Gadgets & Gizmos | B12: Create: flight | C12: Tech | D12: Aeronautics | E12: Both | F12: Keep | G12: Confirmed | J12: Was 'Create Thrusters'. MR create-aeronautics-gadgets-and-gizmos 1.2.10, PINNED (2.0 is in rapid pre-release)
A13: Create Propulsion: Simulated | B13: Create: flight | C13: Tech | D13: Aeronautics | E13: Both | F13: Keep | G13: Confirmed | J13: MR create-propulsion-simulated 1.1.5
A14: Create Aeroworks | B14: Create: flight | C14: Tech | D14: Aeronautics | E14: Both | F14: Keep | G14: Confirmed | J14: MR create-aeroworks 1.5.0
A15: Drive-By-Wire with Sable | B15: Create: flight | C15: Tech | D15: Aeronautics | E15: Both | F15: Keep | G15: Confirmed | J15: Was 'Drive By Wire' (original Forge-only). MR drive-by-wire-sable 0.3.0
A16: Create Tweaked Controllers | B16: Create: flight | C16: Tech | D16: Create | E16: Both | F16: Keep | G16: Confirmed | H16: Test | I16: Check it doesn't fight Aeronautics controls | J16: MR create-tweaked-controllers 1.2.7
A17: Create Offroad | B17: Create: vehicles | C17: Tech | D17: Create | E17: Both | F17: Keep | G17: Confirmed | H17: Test | I17: Adds physics load; include in perf test | J17: Bundled inside Create Aeronautics (Simulated/Aeronautics/Offroad modules). Nothing separate to add
A18: Create Big Cannons | B18: Create: combat | C18: Tech | D18: Create | E18: Both | F18: Keep | G18: Confirmed | H18: Config | I18: Limit block damage; claims block explosions | J18: MR create-big-cannons 5.11.7
A19: Create Crafts & Additions | B19: Create: power | C19: Tech | D19: Create | E19: Both | F19: Keep | G19: Confirmed | H19: Config | I19: Early power; lower alternator FE output; its wires for local runs | J19: MR createaddition 1.7.2 (beta)
A20: Create: New Age | B20: Create: power | C20: Tech | D20: Create | E20: Both | F20: Keep | G20: Confirmed | H20: KubeJS | I20: Mid-game generators + nuclear; remove its wire recipes | J20: MR create-new-age 1.2.0
A21: Create: Better Motors | B21: Create: power | C21: Tech | D21: Crafts & Additions | E21: Both | F21: Maybe | G21: Confirmed | I21: Skipped for now; add if alternators feel weak | J21: MR create-better-motors 4.0.0 (not added: Maybe)
A22: Create Diesel Generators | B22: Create: power | C22: Tech | D22: Create | E22: Both | F22: Keep | G22: Confirmed | I22: Fuel engine, not a converter | J22: MR create-diesel-generators 1.3.15
A23: Create Enchantment Industry | B23: Create: processing | C23: Tech | D23: Create | E23: Both | F23: Keep | G23: Confirmed | J23: MR create-enchantment-industry 2.5.4b
A24: Create Slice & Dice | B24: Create: processing | C24: Tech | D24: Create, Farmer's Delight | E24: Both | F24: Keep | G24: Confirmed | I24: Automated cooking | J24: MR slice-and-dice 4.3.4
A25: Create Central Kitchen | B25: Create: processing | C25: Tech | D25: Create, Farmer's Delight | E25: Both | F25: Keep | G25: Confirmed | J25: MR create-central-kitchen 2.6.2b
A26: Create: Steam 'n' Rails | B26: Create: trains | C26: Tech | D26: Create | E26: Both | F26: Keep | G26: Confirmed | J26: Official: 1.20.1 only. Using unofficial port 'Steam 'n' Rails Neoforge' (MR create-steam-n-rails-1.21.1 0.3.0-beta.2). Known: snow-track crash (port issue #361)
A27: Create Additional Logistics | B27: Create: logistics | C27: Tech | D27: Create | E27: Both | F27: Keep | G27: Confirmed | J27: MR create-additional-logistics 1.4.5
A28: Create Numismatics | B28: Create: logistics | C28: Tech | D28: Create | E28: Both | F28: Keep | G28: Confirmed | I28: Currency | J28: MR numismatics 1.1.0
A29: Create Trading Floor | B29: Create: logistics | C29: Tech | D29: Create | E29: Both | F29: Keep | G29: Confirmed | J29: MR create-trading-floor 3.0.16
A30: Create Copycats+ | B30: Create: building | C30: Tech | D30: Create | E30: Both | F30: Keep | G30: Confirmed | J30: MR copycats 3.0.9
A31: Create Deco | B31: Create: building | C31: Tech | D31: Create | E31: Both | F31: Keep | G31: Confirmed | J31: MR create-deco 2.1.3
A32: Create Connected | B32: Create: building | C32: Tech | D32: Create | E32: Both | F32: Keep | G32: Confirmed | J32: MR create-connected 1.3.3
A33: Create: Bits 'n' Bobs | B33: Create: parts | C33: Tech | D33: Create | E33: Both | F33: Keep | G33: Confirmed | J33: MR create-bits-n-bobs 2.3.5
A34: Create: Transmission | B34: Create: parts | C34: Tech | D34: Create | E34: Both | F34: Keep | G34: Confirmed | J34: MR create-transmission 1.2.2
A35: Create: FE Converter | B35: Create: power | C35: Tech | E35: Both | F35: Cut | G35: Not available | I35: Discontinued (source lost)
A36: Mekanism | B36: Tech | C36: Tech | E36: Both | F36: Keep | G36: Confirmed | I36: Must-have | J36: MR mekanism 10.7.19
A37: Mekanism Generators | B37: Tech | C37: Tech | D37: Mekanism | E37: Both | F37: Keep | G37: Confirmed | J37: MR mekanism-generators 10.7.19
A38: Mekanism Tools | B38: Tech | C38: Tech | D38: Mekanism | E38: Both | F38: Keep | G38: Confirmed | J38: MR mekanism-tools 10.7.19
A39: Applied Mekanistics | B39: Tech | C39: Tech | D39: Mekanism, AE2 | E39: Both | F39: Keep | G39: Confirmed | J39: MR applied-mekanistics 1.6.3
A40: Applied Energistics 2 | B40: Storage | C40: Tech | E40: Both | F40: Keep | G40: Confirmed | H40: Gate | I40: Must-have; Quantum Network Bridge late-game | J40: MR ae2 19.2.18
A41: ExtendedAE | B41: Storage | C41: Tech | D41: AE2 | E41: Both | F41: Keep | G41: Confirmed | J41: CF ex-pattern-provider 2.2.41 (not ExtendedAE-Plus, a separate add-on)
A42: Applied Flux | B42: Storage | C42: Tech | D42: AE2 | E42: Both | F42: Keep | G42: Confirmed | J42: MR appflux 2.1.5
A43: Immersive Engineering | B43: Tech | C43: Tech | E43: Both | F43: Keep | G43: Confirmed | I43: LV/MV/HV power lines for the long-distance grid | J43: MR immersiveengineering 12.4.2
A44: Industrial Foregoing | B44: Tech | C44: Tech | E44: Both | F44: Keep | G44: Confirmed | J44: MR industrial-foregoing 3.6.39 (beta)
A45: PneumaticCraft: Repressurized | B45: Tech | C45: Tech | E45: Both | F45: Keep | G45: Confirmed | I45: Jet Boots use air: passes the flight rule | J45: MR pneumaticcraft-repressurized 8.2.23
A46: Powah | B46: Tech | C46: Tech | E46: Both | F46: Keep | G46: Confirmed | J46: MR powah 6.2.10
A47: Extreme Reactors | B47: Tech | C47: Tech | E47: Both | F47: Keep | G47: Confirmed | J47: MR extreme-reactors 2.4.9
A48: Integrated Dynamics | B48: Tech | C48: Tech | E48: Both | F48: Keep | G48: Confirmed | J48: MR integrated-dynamics 1.38.1
A49: Laser IO | B49: Tech | C49: Tech | E49: Both | F49: Keep | G49: Confirmed | J49: CF laserio 1.9.11
A50: Flux Networks | B50: Tech | C50: Tech | E50: Both | F50: Keep | G50: Confirmed | H50: Gate | I50: Mid-game wireless power (after Nether / first boss) | J50: CF flux-networks 8.0.0
A51: Excessive Utilities | B51: Tech | C51: Tech | E51: Both | F51: Keep | G51: Confirmed | H51: Check flight | I51: Remove or cost-gate any angel-ring style item | J51: MR excessive-utilities 1.11.0
A52: Modern Industrialization or Oritech (pick one) | B52: Tech | C52: Tech | E52: Both | F52: Maybe | G52: Confirmed | I52: Open question | J52: Both have builds: MR modern-industrialization 2.5.11, MR oritech 1.2.13 (not added: Maybe)
A53: Mystical Agriculture | B53: Tech: resources | C53: Tech | E53: Both | F53: Keep | G53: Confirmed | J53: MR mystical-agriculture 8.0.29
A54: Productive Bees | B54: Tech: resources | C54: Tech | E54: Both | F54: Keep | G54: Confirmed | J54: MR productivebees 13.13.0
A55: Mob Grinding Utils | B55: Tech: resources | C55: Tech | E55: Both | F55: Keep | G55: Confirmed | J55: CF mob-grinding-utils 1.1.10
A56: Ars Nouveau | B56: Magic | C56: Magic | D56: Curios, GeckoLib | E56: Both | F56: Keep | G56: Confirmed | I56: Magic hub | J56: MR ars-nouveau 5.13.3
A57: Iron's Spells 'n Spellbooks | B57: Magic | C57: Magic | E57: Both | F57: Keep | G57: Confirmed | J57: MR irons-spells-n-spellbooks 3.16.3
A58: Ars 'n Spells | B58: Magic: bridge | C58: Magic | D58: Ars Nouveau, Iron's Spells | E58: Both | F58: Keep | G58: Confirmed | H58: Test | I58: Shared mana; test rituals early | J58: MR ars-n-spells 3.3.5
A59: Iron & Nouveau | B59: Magic: bridge | C59: Magic | D59: Ars Nouveau, Iron's Spells | E59: Both | F59: Keep | G59: Confirmed | I59: Iron's spells as Ars glyphs | J59: CF irons-nouveau 0.17.24
A60: Ars <-> Iron Mana Bridge | B60: Magic: bridge | C60: Magic | E60: Both | F60: Cut | G60: Confirmed | I60: Conflicts with Ars 'n Spells
A61: Occultism | B61: Magic | C61: Magic | E61: Both | F61: Keep | G61: Confirmed | J61: MR occultism 1.224.5
A62: Ars Ocultas | B62: Magic: bridge | C62: Magic | D62: Ars Nouveau, Occultism | E62: Both | F62: Keep | G62: Confirmed | J62: MR ars-ocultas 2.6.1
A63: Botania | B63: Magic | C63: Magic | E63: Both | F63: Cut | G63: Not available | J63: No 1.21.1 build. Cut: Ars, Iron's, Occultism, Vampirism and Neo Vitae cover magic
A64: Ars Botania | B64: Magic: bridge | C64: Magic | D64: Ars Nouveau, Botania | E64: Both | F64: Cut | G64: Confirmed | J64: Requires Botania (no build). Cut with Botania
A65: Ars Energistique | B65: Magic: bridge | C65: Magic | D65: Ars Nouveau, AE2 | E65: Both | F65: Keep | G65: Confirmed | J65: MR ars-energistique 2.1.1 (beta)
A66: Ars Creo | B66: Magic: bridge | C66: Magic | D66: Ars Nouveau, Create | E66: Both | F66: Keep | G66: Confirmed | J66: MR ars-creo 5.4.0
A67: Apotheosis x Iron's Spellbooks Compat | B67: Magic: bridge | C67: Magic | D67: Apotheosis, Iron's Spells | E67: Both | F67: Keep | G67: Confirmed | J67: CF apotheosis-x-irons-spellbooks-compat 2.2.8
A68: Neo Vitae | B68: Magic | C68: Magic | E68: Both | F68: Keep | G68: Confirmed | I68: Blood Magic continuation; open question | J68: MR neovitae 1.1.48
A69: Vampirism | B69: Magic | C69: Magic | E69: Both | F69: Keep | G69: Confirmed | H69: Config | I69: Faction-only PvP; its mobs scale to player level | J69: MR vampirism 1.10.13
A70: Vampirism Integrations | B70: Magic: bridge | C70: Magic | D70: Vampirism | E70: Both | F70: Keep | G70: Confirmed | J70: MR vampirism-integrations 1.10.2
A71: Vampirism Iron's Spells Compatibility | B71: Magic: bridge | C71: Magic | D71: Vampirism, Iron's Spells | E71: Both | F71: Keep | G71: Confirmed | J71: MR vampirism-irons-spells-compatibility 0.0.10
A72: Werewolves | B72: Magic | C72: Magic | D72: Vampirism | E72: Both | F72: Keep | G72: Confirmed | J72: MR werewolves 2.0.3.3
A73: Vampire's Delight | B73: Magic | C73: Magic | D73: Vampirism, Farmer's Delight | E73: Both | F73: Keep | G73: Confirmed | J73: MR vampires-delight 0.1.12b (beta)
A74: Vampires Need Umbrellas | B74: Magic | C74: Magic | D74: Vampirism | E74: Both | F74: Keep | G74: Confirmed | I74: Only if 1.21.1 build exists | J74: MR vampires-need-umbrellas 1.0.3
A75: Vampiric Ageing | B75: Magic | C75: Magic | D75: Vampirism | E75: Both | F75: Keep | G75: Confirmed | I75: Only if 1.21.1 build exists | J75: CF vampiric-ageing-a-vampirism-addon 1.4.21
A76: Bloodlines | B76: Magic | C76: Magic | D76: Vampirism | E76: Both | F76: Keep | G76: Confirmed | I76: Only if 1.21.1 build exists | J76: CF bloodlines 3.0.9 (files tagged 1.21 + 1.21.1)
A77: Godly Vampirism | B77: Magic | C77: Magic | D77: Vampirism | E77: Both | F77: Cut | G77: Verify | I77: Removes the downsides that make vampires fun
A78: Mekanism x Vampirism Integration | B78: Magic: bridge | C78: Magic | E78: Both | F78: Cut | G78: Not available | I78: 1.20.1 Forge only
A79: Tectonic | B79: Worldgen | C79: Exploration | E79: Both | F79: Keep | G79: Confirmed | I79: Terrain shape | J79: MR tectonic 3.0.28
A80: Regions Unexplored (6.0) | B80: Worldgen | C80: Exploration | E80: Both | F80: Keep | G80: Confirmed | I80: Sole biome mod (Terralith decided out) | J80: MR regions-unexplored 0.6.3
A81: Terralith | B81: Worldgen | C81: Exploration | E81: Both | F81: Cut | G81: Verify | I81: Decided out: Tectonic + Regions Unexplored is enough, lighter worldgen
A82: Streams Reflowing | B82: Worldgen | C82: Exploration | E82: Both | F82: Keep | G82: Confirmed | I82: Pregen recommended | J82: MR streams-reflowing 2.15.2
A83: Incendium | B83: Worldgen | C83: Exploration | E83: Server | F83: Keep | G83: Confirmed | I83: Nether; not compatible with Amplified Nether | J83: MR incendium 5.4.4 (project now titled 'Incendium Legacy')
A84: Nullscape | B84: Worldgen | C84: Exploration | E84: Server | F84: Keep | G84: Confirmed | I84: End | J84: MR nullscape 1.2.14
A85: YUNG's suite (Mineshafts, Fortresses, etc.) | B85: Structures | C85: Exploration | D85: YUNG's API | E85: Both | F85: Keep | G85: Confirmed | J85: MR: API, Mineshafts/Nether Fortresses/Dungeons/Desert Temples/Jungle Temples/Ocean Monuments/Witch Huts/End Island, Bridges, Extras, Cave Biomes. Better Strongholds dropped Oct 24 for Integrated Stronghold
A86: Towns and Towers | B86: Structures | C86: Exploration | E86: Both | F86: Keep | G86: Confirmed | J86: MR towns-and-towers 1.13.11
A87: When Dungeons Arise | B87: Structures | C87: Exploration | E87: Both | F87: Keep | G87: Confirmed | J87: MR when-dungeons-arise 2.1.68
A88: Dungeons and Taverns | B88: Structures | C88: Exploration | E88: Both | F88: Keep | G88: Confirmed | J88: MR dungeons-and-taverns 4.4.4
A89: Integrated Dungeons and Structures | B89: Structures | C89: Exploration | D89: Integrated API | E89: Both | F89: Keep | G89: Confirmed | J89: MR idas 1.13.7
A90: Explorify | B90: Structures | C90: Exploration | E90: Both | F90: Keep | G90: Confirmed | J90: MR explorify 1.6.5
A91: Lootr | B91: Structures | C91: Exploration | E91: Both | F91: Keep | G91: Confirmed | I91: Per-player loot | J91: MR lootr 1.11.38
A92: L_Ender's Cataclysm | B92: Bosses | C92: Exploration | E92: Both | F92: Keep | G92: Confirmed | H92: Gate | I92: Boss drops gate late tiers | J92: MR l_enders-cataclysm 3.33
A93: Integrated Cataclysm | B93: Bosses | C93: Exploration | D93: Cataclysm, Create, Supplementaries, Quark | E93: Both | F93: Keep | G93: Confirmed | J93: CF integrated-cataclysm 1.0.6
A94: Mowzie's Mobs | B94: Bosses | C94: Exploration | E94: Both | F94: Keep | G94: Confirmed | J94: MR mowzies-mobs 1.8.2
A95: Bosses of Mass Destruction (Forge port) | B95: Bosses | C95: Exploration | E95: Both | F95: Keep | G95: Confirmed | I95: Was primarily Fabric | J95: Original is Fabric-first. MR bosses-of-mass-destruction-forge 1.3.3 (+ CERBON's API). Test 11
A96: Twilight Forest | B96: Dimensions | C96: Exploration | E96: Both | F96: Keep | G96: Confirmed | J96: CF the-twilight-forest 4.8.3345 (Modrinth only has an unofficial Fabric port)
A97: Deeper and Darker | B97: Dimensions | C97: Exploration | E97: Both | F97: Keep | G97: Confirmed | J97: MR deeperdarker 1.4.1
A98: The Aether | B98: Dimensions | C98: Exploration | E98: Both | F98: Keep | G98: Confirmed | J98: MR aether 1.5.10 (+ owo-lib)
A99: Undergarden | B99: Dimensions | C99: Exploration | E99: Both | F99: Maybe | G99: Confirmed | J99: MR the-undergarden 0.9.6 beta. Out for now (beta); revisit later
A100: Blue Skies | B100: Dimensions | C100: Exploration | E100: Both | F100: Cut | G100: Not available | J100: No 1.21.1 build. Cut
...
